content,sentiment
"Con Santiago Taboada junto a miles de vecinas y vecinos que quieren que siga el cambio en √Ålvaro Obreg√≥n y la #CDMX. ¬°Vamos a echarle #M√°sLim√≥n porque #ElCambioViene! 

#LiaLimon #LiaParaLaAlcaldia",POS
"üîµüî¥üü°En #LaMagdalenaContreras recibimos a nuestro amigo Santiago Taboada, ¬°Vamos a ganar! Vamos a seguir haciendo que lo bueno se quede por las familias Contrerenses.
#JuntosSigamosTrabajando",POS
"As√≠ los ""feministas"" del PAN: @STaboadaMx se re√∫ne con la familia de Cuauht√©moc Guti√©rrez, ex dirigente priista de la #CDMX y detenido por el delito de trata de personas. https://t.co/yYZ1TxbGWg https://t.co/QiDTjDYFby",NEG
Durante toda la campa√±a de 2018 en Benito Ju√°rez me hostigaron provocadores del imbecil @STaboadaMx incluso llegaron a ir a mi casa y molestar a mi familia. Lo denunci√© ante el @iecm y no movieron un dedo. Hubo total impunidad. Son delincuentes en lo electoral y en el gobierno.,NEG
"üêúüíôAcomp√°√±anos desde el Jard√≠n Hidalgo a nuestro arranque de campa√±a por la Alcald√≠a de Azcapotzalco en donde nos acompa√±a nuestro pr√≥ximo Jefe de Gobierno Santiago Taboada.

#Azcapotzalco 
#VamosPorM√°s
#ElCambioViene",POS
"Este #D√≠aMundialdelaSalud, recordemos: la salud es un derecho esencial. Ante retos como el fin del Seguro Popular, la falta de medicinas y tratamientos contra el c√°ncer, X√≥chitl G√°lvez Ruiz y Santiago Taboada regresar√°n el acceso y calidad en la salud. #ElCambioViene #M√°sLim√≥n ü©∫üçã #LiaLimon #CDMX #Mexico",POS
"Nuestras colonias en Tlalpan requieren de acciones contundentes y atenci√≥n prioritaria por eso de la mano de @STaboadaMx y @alfagonzalezm vamos a garantizar seguridad y acceso al agua.

El cambio viene a FLORESTA, PRADO, VERGEL COAPA y NARCISO MENDOZA a quien les he dado mi‚Ä¶ https://t.co/XRixwtbKTs",POS
"Que la alcald√≠a Benito Ju√°rez este en primer lugar de competitividad e Iztapalapa en d√©cimo, dice todo de c√≥mo queremos ver a la #cdmx y no es con Brugada sino con @STaboadaMx https://t.co/hVg65B1wQS",POS
"Hace campa√±a con la campana de la basura!

El panista @Ordonez_Mx estuvo cerca de mi casa. 

Y dijo que le copiar√° al l√≠der del c√°rtel inmobiliario, @STaboadaMx, un programa llamado Blindar Benito Ju√°rez, pero que √©l lo ""adapt√≥‚Äù para @IztacalcoAl

Oiga al candidato plagiario! https://t.co/gWbUHJBKsO",NEG
"Asi recibimos a Santiago Taboada, pr√≥ximo Jefe de Gobierno, en √Ålvaro Obreg√≥n #MasLimon #ElCambioViene",POS
"Agradezco la invitaci√≥n y el apoyo de los vecinos del Mercado de Portales y el Mercado 24 de agosto

Los visitamos con @STaboadaMx, @cynthialopezc1, @juarezveromex, @LuisMendozaBJ, @MonicaAranaS27, @MarianaRiveraMX, @EDGARPEREYRA, @patybaezg, @MonsePCedeno y @DoraisaGonzlez https://t.co/PbmcDZIFuE",NEU
"@STaboadaMx Yo he vivido en @Alc_Iztapalapa y se que usted si har√° la diferencia. No como @ClaraBrugadaM que  es incapaz atender temas de seguridad e infraestructura urbana. 

Av. Tlahuac siempre inundada en temporada de lluvia. Esto durante m√°s de 9 a√±os... https://t.co/nougxPZ6qs",POS
"#ULTIMAHORA

El delincuente Santiago Taboada se re√∫ne con la hermana de Cuauht√©moc Guti√©rrez de la Torre, Norma Guti√©rrez de la Torre. ¬°El rey de la Basura!

Antes se habia reunido con otro delincuente Hugo Bello Valenzo acusado de extorsi√≥n, robo , amenaza,etc . https://t.co/OM2iSd4huS",NEG
"Santi y la hermana del #reydelabasura Cuauht√©moc Guti√©rrez ü§¢ü§Æ
Me ""encanta* el feminismo y la eterna congruencia de los panistas @STaboadaMx 
#ElCarteldeTaboada https://t.co/mIFycQKG6Q",NEG
"@E_Esperanza_ @STaboadaMx @BJAlcaldia @GobCDMX @JorgeGCastaneda Yo tambi√©n escribo desde la del valle y tengo la certeza de que ser√°s el siguiente jefe de gobierno. Yo no quiero una ciudad como iztapalapa.  Morena convirti√≥ la cuauhtemoc en un tianguis cuando ""gobern√≥ "" el corrupto @RicardoMonrealA . No gracias, as√≠ estamos bien en BJ",POS
"Escandaloso y preocupante que los principales operadores de @STaboadaMx sean las personas m√°s cercanas y operadores de Cuauht√©moc Guti√©rrez De la Torre. Apenas subi√≥ una fotograf√≠a con su hermana, c√≥mplice de la red.  https://t.co/9mO2sDWfTs https://t.co/jck7uWjO6g",NEG
"#LasMangasDelChaleco El candidato Santiago Taboada se comprometi√≥ a duplicar los recursos de los programas sociales en la alcald√≠a Cuauht√©moc. https://t.co/eCResoptwO
https://t.co/zJvU29sfPa",NEU
"Cerramos el d√≠a con esta foto üòç

Seguimos caminando y recorriendo #BenitoJu√°rez con nuestro pr√≥ximo alcalde @luismendozabj. ü´°

Agradecemos a todo el team de la #CDMX que hoy nos acompa√±√≥, sin duda #ElCambioViene y es con @staboadamx. üíôüí™ https://t.co/1EjEdCn1sI",POS
"üåæ Hoy nuestro pr√≥ximo Jefe de Gobierno @STaboadaMx y el equipo que ganar√° en Tlalpan liderado por @alfagonzalezm, @HectorHugoHdez y @Luis_Chavez_Gar, se reunieron con N√∫cleos Agrarios. 

‚úÖ Estamos felices porque cada d√≠a se unen m√°s personas y organizaciones al proyecto del‚Ä¶ https://t.co/3KqZzMIAz5",POS
"@catrina_nortena @ClaraBrugadaM @STaboadaMx @PollsMX_ Eso solo puede significar 1 de 2 o ambas cosas: 
1-Clara bajo el ritmo y no est√° visitando a todos, o
 2- el pan est√° intensificando sus encargo$$$ en  sus encuestas en Benito Ju√°rez que es donde radican casi todas las encuestadoras",NEU
"El mejor term√≥metro para medir unas elecciones es salir a la calle a descubrir qu√© es lo que necesita la gente. Va m√°s all√° de las encuestas.¬†¬†
#Tlalpan
#CDMX
#ElCambioViene
Vota #XochitlG√°lvez
Vota #SantiagoTaboada¬†
Vota #Alfa Gonz√°lez
Vota #H√©ctorHugo
#Seguridad #Cableb√∫s https://t.co/Fu3OHPaQIS",POS
@STaboadaMx @BJAlcaldia @GobCDMX sabias que cuando estabas de alcalde en Benito juarez #RaTaboada desviste haber dado el presupuesto asignado a manteniendo y reparaciones de suministros de agua de la.a√±caldia y la pregunta del mill√≥n que le hicieron a ese presupuesto #perovivimoensuiza #CartelinmobiliarioDeIPAN,NEG
"@FreddyOliviery @Claudiashein @XochitlGalvez Depende en qu√© lugar de la CDMX. Yo en Benito Ju√°rez tengo muy buena calidad de vida gracias a Santiago Taboada, a diferencia de Iztapalapa o Tl√°huac por ejemplo ... Y no me salgan con que soy riquilla, yo soy pueblo",POS
@Jaime_Mata_S @Congreso_CdMex @BJAlcaldia @STaboadaMx @LuisMendozaBJ @JorgeRoHe @Ruben_RamHer @patybaezg @DanyAlvarezca @luisag_urena @ConcejalKarlaMS @gabysalido @FDoringCasar Hola por favor urge revisen el tema del agua üò∞üò∞üò∞üò∞üò∞ el problema es serio y @SacmexCDMX debe agilizar esto üôèüèªüôèüèªüôèüèªüôèüèªüôèüèªüôèüèª,NEU
@VillaDeCortesBJ @FedeChavezMX @LuisMendozaBJ Se not√≥ mucho en pasado evento (jueves) en Narvarte poniente. Tambi√©n estuvo @STaboadaMx pero apoyaron a una candidata del PRI y no del pan.,NEU
@STaboadaMx @BJAlcaldia @GobCDMX Que te quejas #weritocagon si son los edificios que hiciste cuando estabas robando en la alcald√≠a Benito Ju√°rez es lo que dejaste muchos edificios construidos y vas a dejar hacer m√°s cuando seas jefe de gobierno ojal√° y pierdas #weritocagon,NEG
"@cruzli @psolisaqui @adricc20 @SacmexCDMX Hoy un restaurante reconoci√≥ que usa de garraf√≥n.
La comida no sab√≠a a gasolina.

Pero el corrupto de taboada @STaboadaMx no clausura un centro de llenado clandestino en Uxmal 562.
@Jaime_Mata_S 

@VillaDeCortesBJ https://t.co/IO5Ohv5CRp",NEG
"@PilarCamachoG @punt0cer0 @LuisMendozaBJ @GobCDMX @SacmexCDMX @martibatres No minimizo.el hecho, pero cada vez me suena m√°s a sabotaje, que el capo Mendoza y el taradete de @STaboadaMx est√©n metidos, me hace sospechar.  Y las cuentas que denuncian tambi√©n son sospechosas. 
√âstas son nuestras teor√≠as: https://t.co/z8c1jTg8Sk",NEG
ya viste que ricardo Anaya es santiago taboada con peluca y tambi√©n es marko cortes con injerto de barba ??? es el mismo demonio.....,NEG
Ya ven como la @BJAlcaldia si tiene capacidades para actuar en materia de suministro de agua y mantenimiento de infraestructura... Que d√© la cara @STaboadaMx del estado en qu√© dej√≥ su marranero en nuestra Alcald√≠a,NEG
"@STaboadaMx si de verdad quieres hacer algo Bueno despejas todas las calles del df no solo de est√° delegaci√≥n de Tlalpan o Coyoac√°n que el corrupto de Giovanni gtz tiene toda la delegaci√≥n igual o peor llena de ambulantes , hasta el centro de Coyoac√°n",NEG
"@STaboadaMx Buenos d√≠as para ti Lic Taboada jefe de gob del df , yo s√≥lo te pido porfavor qu√© cuando empiezes a gobernar est√° cd tan destruida acu√©rdate de quitar tantos puestos ambulantes que hay aqu√≠ en la delegaci√≥n de Tlalpan son d√©cadas as√≠",POS
@JorgeRoHe @STaboadaMx @MarkoCortes @lialimon Tercia de ratas la ratota mayor cartel inmobiliaria de la Benito Ju√°rez y el que se dej√° mangonear por Lalito del PRI,NEG
"@VillaDeCortesBJ @FedeChavezMX @LuisMendozaBJ @STaboadaMx Es gente de @JorgeRoHe desde hace muchos a√±os, pegado a √©l desde que fue delegado.",NEU
"@Seg_NapolesDF @FedeChavezMX @LuisMendozaBJ @STaboadaMx Interesante. 
Fede debe de deslindarse de ese grupo ya, confesar sus errores y denunciar al #C√°rtelInmobiliario.",NEG
"@pagolamx @LaPekas @STaboadaMx @BJAlcaldia @ClaraBrugadaM Todo benito juarez es panista, morena es la farsa m√°s grande de la historia, puros solovinos",POS
"@OTTO_JimV @Coparmex @sesnsp @CONAPO_mx @STaboadaMx Benito Ju√°rez, Quintana Roo, donde gobierna Morena",NEU
@Coparmex @sesnsp @CONAPO_mx Benito Ju√°rez? ¬øD√≥nde gobernaba @STaboadaMx?,NEU
La alcald√≠a Benito Ju√°rez es un ejemplo de lo que ser√° la CDMX cuando la gobierne ‚Å¶@STaboadaMx‚Å© yo soy ASPIRACIONISTA y espero que alguien como yo que aspire a que M√©xico progrese y prospere impulse a mi ciudad y a mi pa√≠s. https://t.co/8Y9yPfMMsM,POS
@ajbenitojuarez @mauyoav @LuisMendozaBJ @Pbn477933867871 @bren_garciarr @carlaguionbajop Que pena que tipos como @mauyoav vayan a invadir BEnito Ju√°rez. Otro arrastrado m√°s de @STaboadaMx y aparte acosador de chavitos ü§°,NEG
Promesas incumplidas de @STaboadaMx,NEG
"@VillaDeCortesBJ @punt0cer0 @LuisMendozaBJ @GobCDMX @SacmexCDMX @martibatres @STaboadaMx Esto mismo ha pasado por mi cabeza porque si, sospechosas las cuentas que hablan de eso ‚Ä¶ pero para mi la mas clara es que no se ha hecho viral, nadie pela a la cuenta de la Del Valle- con un tema as√≠ se me hace rar√≠simo",NEU
"https://t.co/0om2ML5vPf

Bola de corruptos
Ya clausuren este centro de llenado Pirata de BONAFONT @BonafontMexico 
@LuisMendozaBJ @STaboadaMx @Jaime_Mata_S @AAtaydeR @FedeChavezMX @FDoringCasar 

@Rob_Bee_Gee @zorrocdmx1963 @VillaDeCortesBJ @AdolfoPrietoVec @SGIRPC_CDMX",NEG
@erikannibal @PAN_CDMX @LuisMendozaBJ @AAtaydeR @patybaezg @STaboadaMx @XochitlGalvez @SistemaPANCDMX Muchas gracias! Con su apoyo vamos a ganar! #TiempoDelCambio üôåüèº,POS
"@STaboadaMx @BJAlcaldia @GobCDMX Ser√° que rompieron alg√∫n ducto tus socios constructores LADR√ìN DE CUELLO BLANCO?
SER√Å POR TANTA CONSTRUCCI√ìN DE EDIFICIOS DE  DEPARTAMENTOS EN BENITO JUAREZ??
#ELCARTELINMOBILIARIO VIENTO EN POPA, MIENTRAS TODAS LAS CALLES LLENAS DE BACHES HDTPM!! #RATABOADA!",NEG
@BicireporteraDF @AlessandraRdlv Mas o menos se va con Taboada. Al final de cuentas son de los mismos partidos. ¬øEn serio van a hacer un segundo Sandra Cuevas en la Cuauhtemoc?,NEG
"@SantiagoRomanD7 @LuisMendozaBJ @martibatres @SacmexCDMX @GobCDMX A estas alturas exigir pruebas de diferentes laboratorios, al gobi3rno, yo ya no le creo naaada! Sorry
#MxSinMiedo 
ü§îEn @BJAlcaldia ..cuando ya vimos que son capaces de todo por desprestigiar al titular de la demarcaci√≥n..@STaboadaMx ? Ser√°?..
De qu√© mas ser√°n capaces?",POS
"@BjRevocacion @STaboadaMx @LuisMendozaBJ Jajaja por est√°s cosas quedan como idiotas... El uso de suelo, no lo da la alcald√≠a, lo da seduvi.. que es parte del gobierno de CDMX y adivina qui√©n controla est√°s dependencias... Morena con un simple amparo de que est√° en tr√°mite. Funcionan jajaja",POS
"M√âXICO, M√âXICO, RA,RA,RA @MarkoCortes @TereJimenezE @_ATejeda @CeciliaPatronL  @STaboadaMx  @LuisMendozaBJ @mauriciotabe  @AleGutie
 @MaruCampos_G  @anuarazar  @PedroRVillegas @KarlaFiesco @RaymundoBolaos3  @makugo  @MauVila @JorgeRoHe @MauVila @LuisBNava  @RobertSosaP",POS
"@XicoteM @ClaraBrugadaM @STaboadaMx @vromog @MargaretSaldana @NancyNunezmx @889Noticias @inakimanero @VILLALVAZO13 @AzcapotzalcoMx @AlcaldiaMHmx @TodosSomosAzcap Hoy quite propaganda de la @STaboadaMx @Xochitl2024 y unas pinches gordas en una camioneta me ofendieron, por supuesto no me qued√© callado y se fueron chillando las alb√≥ndigas huevonas.",NEG
"@sopitas ...Y qui√©n gobierna en la alcald√≠a Benito Ju√°rez??? ü§îü§îü§î Claro, Santiago Taboada del PAN!!! #Rataboada",NEG
@STaboadaMx Santiago cuando estar√°s en la delegaci√≥n Azcapotzalco?,NEU
"@STaboadaMx Ojal√° tuviera el audio donde expresas claramente lo que opinas de la gente de Iztapalapa, Iztacalco, Xochimilco, Tl√°huac... para ti no hay m√°s que tus amigos, l√°stima que a esa reuni√≥n nos quitaron los celulares.",NEG
"@LuisMendozaBJ Luis, presiona con el tema de gasolina en el
Agua @SacmexCDMX no dice nada‚Ä¶.y ya van 4 dias y continua el olor @STaboadaMx",POS
@FridaJGuillen @PAN_CDMX @STaboadaMx @AAtaydeR @luisag_urena @DanyAlvarezca @AlessandraRdlv @SistemaPANCDMX @CuauhtemocPan @AccionNacional Los j√≥venes de la mano con la ciudadan√≠a de la Cuauht√©moc.,POS
"@LuisMendozaBJ Y puede que pronto @LuisMendozaBJ  o @STaboadaMx manden matarme. 
Un atropellamiento en la bici, golpeadores del crimen organizado...
Pero, como dijo Gramsci, no lloren, organ√≠cense y saquen al PAN de BJ.
@FiscaliaCDMX @UlisesLaraLopez",NEG
"@STaboadaMx Le va arrancar el cuello..jajajaa tratenmelo ma bonito jajajjaa

Cuando estar√°n en la Cuauht√©moc y donde",POS
@craviotocesar @STaboadaMx @ImagenTVMex @PacoZeaCom Y tantos a√±os y nonpiedieron desaparecer a los c√°rteles de Tepito o Tl√°huac!!! Unas construcciones no matan. Los c√°rteles s√≠.,NEG
"@kenialopezr @XochitlGalvez @ferbelaunzaran @JLozanoA @STaboadaMx @MarkoCortes @SantiagoCreelM @maxcortazarl @LillyTellez @JTrianaT @cynthialopezc1 @JosefinaVM As√≠ o m√°s claro el papel de @AlvarezMaynez, ser el golpeador en contra de @XochitlGalvez y favorecer a la lagartija @Claudiashein",POS
@STaboadaMx @ClaraBrugadaM @ERuizCANCHA Se est√°n cayendo los √°rboles en Benito Ju√°rez y tu #BlindarBJ  no sirve para nada #ProteccionCivil menos @STaboadaMx https://t.co/twfq8cSIfx,NEG
@ClaraBrugadaM Y sigues con propuestas sin sentido. No entiendes que Benito Ju√°rez no es Iztapalapa üôÑ eres necia no escuchas! En las √∫ltimas elecciones perdieron la mitad de la ciudad y ni as√≠ entienden. üôÑ ser√°s la responsable de que un pinch‚Ç¨ criminal como Taboada gobierne.,NEG
"@MariaLuisaRubio @KanahuatiCDMX @STaboadaMx @LuisMendozaBJ Son los mismos de hoy.
Nada m√°s te haces pendej4 tu solita y todos los chairas.
SON LOS MISMOS, sonsa https://t.co/4uDGPVfTMQ",NEG
"@SergioAl7 @LuisMendozaBJ Espero que si ya estamos hartos de esta situaci√≥n, si no hace caso a medio de comunicaci√≥n y a cerrar vialidades, gracias al cagadero que dej√≥ taboada",NEG
"#Elecci√≥nMx2024
En Campa√±a
‚Äòcuando sales Organizado se Nota‚Äô
Vamos a GANAR 
#M√©xicoüá≤üáΩ @XochitlGalvez 
Vamos a GANAR #CdMx @STaboadaMx 
Vamos aGANAR #BenitoJu√°rez @LuisMendozaBJ 
Vamos a GANAR #√ÅlvaroObreg√≥n @lialimon 
Vamos a GANAR Dtto XVII MonyArana 
#BJconMony 
#ElCambioViene https://t.co/FZH60zmzM2",POS
@JorgeRoHe @STaboadaMx @MarkoCortes @lialimon Aqu√≠ üëáüëáüëá los l√≠deres del #CartelInmobiliarioDelPAN @AccionNacional  @JorgeRoHe @STaboadaMx y Marco Cort√©s,NEG
@STaboadaMx @BJAlcaldia @GobCDMX Pues la Benito Ju√°rez es la misma alcald√≠a que t√∫ est√°s haciendo tu cartel inmobiliario...deja de estar con tus pinches dramas y mentiras,NEG
"@Chertorivski @ClaraBrugadaM @STaboadaMx @iecm Ac√° en Benito Ju√°rez , tapizado. https://t.co/omagYiuSdC",NEU
"@LuisMendozaBJ @martibatres @SacmexCDMX Ai te hablan taboada.. Y dice que uno de sus logros fue blindar benito juarez"".. Si eso es un programa de seguridad.",POS
@mima571130 @STaboadaMx @BJAlcaldia @GobCDMX Tu ni siquiera vives en benito juarez a cerrar el culo.,NEG
"@DuniaLudlow @Toripkt10 @STaboadaMx @BJAlcaldia @GobCDMX Aunque chilles como marrana y quieras pasarle una responsabilidad que le toca a sacmex a la delegacion, no van a ganar nada, nadie los quiere en benito juarez.",NEG
"@STaboadaMx @BJAlcaldia @GobCDMX Preg√∫ntenle a @ClaraBrugadaM, ¬°ella vive en la alcald√≠a Benito Ju√°rez!",NEU
"@STaboadaMx @BJAlcaldia @GobCDMX Jam√°s en muchos a√±os la Benito Ju√°rez tuvo ning√∫n problema hasta que ustedes vieron el mejor negocio #CartelinmobiliarioDeIPAN tu no hiciste literal ¬°¬°NADA!! Yo no veo a nadie quejarse de ¬øcontaminaci√≥n? Escasez si.. Para variar, ratas, parques abandonados, baches por todos lados https://t.co/mQcqYQz3Xa",NEG
"@STaboadaMx Tu crees que sea posible convertir la alcald√≠a Iztapalapa en Benito Ju√°rez?
C√≥mo lo har√≠as?
Cu√°ntos pisos de m√°s le pondr√≠as a lo que puedas edificar?
Es negocio para ti y los de tu partido las edificaciones y quitarle sus propiedades a los adultos mayores o no?",NEG
"@STaboadaMx @BJAlcaldia @GobCDMX Sabes Taboada, que te sigue la gente real? Por eso el PAN gobierna Benito Ju√°rez",POS
Santiago Taboada exige al Gobierno de CDMX resolver quejas por agua con olor a gasolina en Benito Ju√°rez https://t.co/nqNwE5hodp v√≠a @El_Universal_Mx,NEU
Santiago Taboada exige al Gobierno de CDMX resolver quejas por agua con olor a gasolina en Benito Ju√°rez https://t.co/nGUaezMiXi v√≠a @El_Universal_Mx,NEU
"@PoderAG_BJ @tavodelsol @betotok @picusss @zprussian26 @jamonarosas @Pahua @ReportesBJ Puuuuuuuuuuuuuuuuuuum!

Oye 
@STaboadaMx 

@Jaime_Mata_S 

No sean corruptos.
Eso significa que este iletrado les da servicio a su corrupci√≥n",NEG
@STaboadaMx @BJAlcaldia @GobCDMX En Tl√°huac ya tenemos la peor agua pero q mal que la gente diga q a no tener el vital  l√≠quido aunque sea as√≠,NEG
Santiago Taboada exige al Gobierno de CDMX resolver quejas por agua con olor a gasolina en Benito Ju√°rez https://t.co/rjT7aXLk9e https://t.co/KmzrYMRwkB,NEU
Y si el agua con gasolina de la Benito Juarez es para correr a los extranjeros que tienen pieles m√°s delicadas? Esque Taboada vive en el 2089 üî•,POS
"Aqu√≠ #SantiagoTajada con la hermana de Cuauht√©moc Gtz de la Torre,preso x el delito de trata de personas. 

Esto es lo que el #PAN quiere para nuestra ciudad,gobernar con el crimen organizado igual que en Guanajuato. 

NO lo permitiremos. 
NO #NarcoGobierno 

#ElCartelDeTaboada https://t.co/1glwrGKdRp",NEG
"Santiago Taboada (@STaboadaMx), candidato del #PRI, #PAN y #PRD por la Jefatura de la #CDMX exigi√≥ al gobierno local resolver inmediatamente las denuncias de los ciudadanos por el probable olor a gasolina en el agua de la alcald√≠a #BenitoJu√°rez.

https://t.co/dcPGjTnrGU https://t.co/tArrPUHD8K",NEU
"Santiago Taboada (@STaboadaMx), candidato del #PRI, #PAN y #PRD por la Jefatura de la #CDMX exigi√≥ al gobierno local resolver inmediatamente las denuncias de los ciudadanos por el probable olor a gasolina en el agua de la alcald√≠a #BenitoJu√°rez.

https://t.co/VWT84d68kO",NEU
"@LuisMendozaBJ M√°s patrullas? @STaboadaMx hizo su agosto con eso y ahora t√∫, mejor entrega al #Delincuente de tu hermano a la fiscalia. Fuera el #CartelinmobiliarioDeIPAN en BJ.",NEG
"Santiago Taboada se re√∫ne con familia de Cuauht√©moc Guti√©rrez, exdirigente priista detenido por trata de personas https://t.co/niuROQKZ6E a trav√©s de @pajaropolitico",NEU
Reunido con integrantes de n√∫cleos agrarios ‚Å¶@STaboadaMx‚Å© denunci√≥ que la titular de @corenadr‚Å© Columba L√≥pez amenaz√≥ a comuneros y ejidatarios con quitarles apoyos si asist√≠an hoy al evento en ‚Å¶@TlalpanAl‚Å© del candidato opositor  üé• ‚Å¶@cuenquita‚Å© https://t.co/EzXHUjG0wG,NEU
"@MarkoCortes Das clases de honestidad? Cuando te peleaste con el Gobernador de #Coahuila por unas notarias, permitiste que el corrupto de @alitomorenoc designar√° candidato en #Veracruz, cuando callas sobre @STaboadaMx y su cartel inmobiliario.? Das Pena.
@pablojair @rocionahle",NEG
"@STaboadaMx Ven a la Cuauhtemoc ¬° Urge ! Sandra Cuevas no dej√≥ buena imagen, necesitamos  apoyo y que no pierdas la alcald√≠a. Ven a  la San Sim√≥n  Tolnahuac",POS
"Por negarse a atacar a Santiago Taboada, acusan a Sandra Cuevas de remover a encargados de comunicaci√≥n de la Cuauht√©moc

https://t.co/DJFSJc7e4D",NEU
"@LuisMendozaBJ Con Santiago Taboada y con Luis en la BJ la CDMX gana
#NoHuboTransformacion 
#ElCambioViene",POS
"@LuisMendozaBJ @STaboadaMx como Jefe de gobierno y Luis que le d√© continuidad en BJ, mucho √©xito y felicidades a nuestro nuevo Jefe de gobierno 
#NoHuboTransformacion 
#ElCambioViene https://t.co/RnIbja1p0K",POS
"@LuisMendozaBJ Porque el PAN ha hecho un excelente trabajo, vamos con Luis en BJ y Santiago Taboada 
#NoHuboTransformacion
#ElCambioViene https://t.co/khi8Fn4WAL",POS
"@LuisMendozaBJ @martibatres @SacmexCDMX Nos traen como sus pyir ciudadanos y ustedes son los que se engordan Batres Mendoza, y si no como dejo la alcaldia Taboada, sin servicio los elevadores,  sin agua, etc es una cloaca de rts esa alcaldia",NEG
@AnyPalma_ Pituka y Petaka. De los dos @STaboadaMx y @LuisMendozaBJ no se hace uno.üëéüèªüëéüèªüëéüèª,NEG
"@STaboadaMx QUE NO SE TE OLVIDE LOS EDIFICIOS QUE CAYERON EL SISMO, QUE NO SE TE OLVIDE, AUN ESTAN EN AV. ZAPATA Y TLALPAN POR SI QUIERAS IR A VERLOS 
CARTEL INMOBILIARIO",NEG
@gbonillah @STaboadaMx Mucho m√°s de 10 Gaby!! Desde que llegaron a la CDMX con Cuauht√©moc C√°rdenas.,NEU
"@STaboadaMx @LuisMendozaBJ que manera de hacerse valer estos del pan y sus seguidores , as√≠ solucionan los problemas "" a huevo"" que poca cultura son como gusanos https://t.co/m3UkDvo6Kx",NEG
"@FridaJGuillen @martibatres Oye Frida, eres muy buena organizando a los vecinos, por qu√© no los organizas en contra de los permisos ilegales que otorg√≥ @STaboadaMx y su pandilla en la Benito Ju√°rez?",NEG
"@STaboadaMx Claro, si la hermanita de Cuauht√©moc est√° moviendo a sus malandros en tu favor. Cualquiera te muestra su cari√±o ""muy voluntariamente"".",NEG
@docrubencito @PatriciaAlfaro @BJAlcaldia @Jaime_Mata_S @STaboadaMx No creo que salga a decir eso ‚Ä¶ y si vivir en BJ es gratificante sino preg√∫ntale a @ClaraBrugadaM y @martibatres que viven en ella,POS
@PatriciaAlfaro @BJAlcaldia @Jaime_Mata_S Ya se chingo el dinero @STaboadaMx obviamente,NEG
@Mdlm666 @sopitas @AccionesBJ @STaboadaMx @SacmexCDMX @LuisMendozaBJ Agua contaminada en alcald√≠a Benito Ju√°rez - ¬°Firma la petici√≥n! https://t.co/vLGMm6y6b7 via @Change_Mex,NEU
"@FreddyOliviery @Claudiashein @XochitlGalvez No sab√≠a que X√≥chitl gobern√≥ Guanajuato..! 
Ni que la Shameless se colgaba las medallas de la baja de delincuencia en la CDMX GRACIAS a la alcald√≠a Benito Ju√°rez de Taboada‚Ä¶ 
Ah no, s√≠ sab√≠a que #MorenaMiente 

#EsClaudiaUnPeligroParaMexico 
#NarcoCandidataClaudia32",POS
"@STaboadaMx No inventes Taboada eres el nuevo Mes√≠as para recatar Iztapalapa, explica quien va a rescatar a esas centenares de familias  de Benito Ju√°rez, que est√°n en una situaci√≥n irregular con su patrimonio, derivada de la corrupci√≥n y tranzas que hiciste con el Cartel inmobiliario. https://t.co/TgOBT851ZV",NEG
"Dia 189, Buenos d√≠as 
Se√±ores alcaldes recuerden hacer una buena gesti√≥n de su puesto, muchas gracias es por M√©xico üá≤üáΩ. 
@lialimon
@alfagonzalezm @giogutierrezag
@Luis_GQM
@mauriciotabe 
@STaboadaMx
@MargaretSaldana

#BuenGobiernoDeOposicion",POS
@ClaraBrugadaM En Azcapotzalco se necesita atenci√≥n urgente y prioritaria a las 4 escuelas de educaci√≥n especial no utop√≠as y vamos a dar conocer a la comunidad porque es prioritario y tambi√©n se lo vamos hacer saber tus contrincantes @STaboadaMx @Chertorivski es en serio atte madre de alumno,NEU
"@STaboadaMx @martibatres @lopezobrador_ Taboada eres un rateraso igual que Federico Dorin , los que vivimos en Benito Ju√°rez sabemos de todo lo que te robaste.
Basta de simulaciones.",NEG
"@StepLavalle @DoraisaGonzlez @LuisMendozaBJ @STaboadaMx @FDoringCasar @juarezveromex @MonicaAranaS27 Hay que ser compasivos con ellos, nunca tuvieron necesidad de crear una campa√±a, el fraude hac√≠a todo.",NEG
"@BicireporteraDF Considere como quiere a la ciudad.
Como iztapalapa vota por clara
Como la benito Ju√°rez vota por taboada",NEU
"@javiermalagon @STaboadaMx Ahora entiendo por qu√© en la revisi√≥n que hice de la infraestructura ciclista de la Alcald√≠a Benito Ju√°rez,  sali√≥ tan mal calificada. 

Pueden  revisar el informe en mi p√°gina https://t.co/qPWTAf8InS",NEG
"@Lagueracasais @STaboadaMx No me lleg√≥ el mensaje. 
Hasta ahora lo veo. Mil disculpas.",NEU
"@STaboadaMx Y los que vivimos en Benito Ju√°rez sabemos perfectamente que ese programa de m√©dico en casa y medicinas gratis  para adultos mayores, es cierto!!! Ambos programas tienen ya mucho tiempo funcionando en la alcald√≠a. #ElCambioViene",POS
"Santiago Taboada duplicar√° inversi√≥n a favor del #campo, #mujeres y #escuelas en #Tl√°huac https://t.co/at8RRU6Zqi a trav√©s de @El_Universal_Mx #ElCambioViene üåΩüå≥ü§∞üîµüü°üî¥ https://t.co/pFRbmzO3fW",NEU
"En esa lista tambi√©n tenemos al hermano  del actual candidato del PAN a la Alcald√≠a BJ .

Sin duda, puro delincuente 

@STaboadaMx 
@LuisMendozaBJ https://t.co/2TnrkXZQZf",NEG
"@LuisMendozaBJ Nadie te conoce wey, tienes que estar con Rataboada para que medio te hagan caso.",NEG
"@DoraisaGonzlez @LuisMendozaBJ @STaboadaMx @FDoringCasar @juarezveromex @MonicaAranaS27 Zafo, capaz que me robas secuestras o pides dinero a mi familia tipo extorsi√≥n, algo comun en los panistas come santos y c4g4 diablos.
ALV.
Mejor nos vemos en las urnas.
VOTO MASIVO PARA MORENA.
NI UN SOLO VOTO AL prian DADO QUE SON CORRUPTOS, EXTORSIONADORES, NARCOS E HDTSPM.
üñï",NEG
Se construira la ampliacion del Metro de Miguel Angel de Quevedo a San Jeronimo: Santiago Taboada y Luis Gerardo ‚ÄúEl G√ºero‚Äù Quijano,NEU
Se construira la ampliacion del Metro de Barranca del Muerto a San Jeronimo: Santiago Taboada y Luis Gerardo ‚ÄúEl G√ºa,NEU
Santiago Taboada acusa a Marti Batres de autoritarismo y desesperacion ante impugnacion de medidas cautelares,NEU
Vamos a blindar Magdalena Contreras: Santiago Taboada,POS
Taboada propone ampliar la Linea 7 hasta San Jeronimo,NEU
Clara Brugada desestima avance de Santiago Taboada en Iztapalapa y denuncia compra de votos,NEG
‚ÄúDesesperado‚Äù el GCDMX que amenaza con denunciar a gente de Taboada por medidas cautelares,NEU
Taboada opina sobre impugnacion de Batres,NEU
"¬°Ampliacion!, Santiago Taboada promete extender la Linea 7 del Metro de la CDMX",NEU
Santiago Taboada de Va X la CDMX promete victoria en Magdalena Contreras y mejoras para la capital,NEU
saganoticias.com | Se compromete Taboada a ampliar linea 7 del Metro,NEU
El consejo juridico del GCDMX amenazo a mi coordinador de campa√±a con iniciarle un proceso penal: Taboada,NEU
Santiago Taboada se compromete ampliar la Linea 7 del Metro CDMX,NEU
"""Taboada no podra sacar nada de ahi"", Clara Brugada afirma que Iztapalapa es un bastion de Morena",NEU
"Federico D√∂ring, coordinador de campa√±a de Taboada, acusa que consejero juridico de la CDMX buscaba meterlo a ...",POS
"Metro para Magdalena Contreras, promesa que convencio a los habitantes a apoyar a los ""G√ºeros"" Quijano y Taboada",NEU
Taboada: 'El 2 de junio vamos a ganar Magdalena Contreras y vamos a dar la ciudad',POS
Acusa Taboada amenazas de Gobierno capitalino contra coordinador de campa√±a,NEU
Taboada promete dar mas presupuesto a zonas rurales y ejidales de la CDMX,NEU
Promete Taboada ampliacion de Linea 7 del Metro hasta San Jeronimo,NEU
"Federico D√∂ring, coordinador de campa√±a de Taboada, acusa que consejero juridico de la CDMX buscaba meterlo a la carcel",NEU
"Chertorivski, Brugada y Taboada, ¬øQue Hicieron este Sabado 6 de Abril?",NEU
Santiago Taboada cada dia mas cerca de Clara Brugada: esta es la sutil diferencia que los separa,POS
"@DuniaLudlow @Toripkt10 @STaboadaMx @BJAlcaldia @GobCDMX Pero si tu cobras del gobierno! No vengas a presumir tu ceguera selectiva. Tanto odias las administraciones panistas y dices que han destrozado la alcald√≠a, por que no te vas directito a Iztapalapa o Iztacalco, o quiz√° Tlahuac, Xochimilco o Milpa Alta tienen mejor calidad de vida",POS
Vamos a ganar el carro completo el 2 de junio aseguran Santiago Taboada y Lia Limon,POS
saganoticias.com | Taboada en arranque de campa√±a de la alcaldia Azcapotzalco,NEU
saganoticias.com | Santiago Taboada en la alcaldia Venustiano Carranza,NEU
"Brugada confunde el Estadio Azteca y Taboada le ofrece ""transporte eficiente"" para que lo conozca",NEU
Taboada propone extension en transporte para trayecto al Estadio Azteca,NEU
Taboada expone propuestas de movilidad para Estadio Azteca y Cdmx,NEU
Taboada va por duplicar el apoyo a mujeres,NEU
Brugada confunde el Estadio Azteca,NEU
Taboada va por doblar apoyo a mujeres de CDMX,NEU
"Los programas sociales no desaparecen, los vamos a duplicar: Taboada",NEU
Santiago Taboada se compromete a mas apoyos para la poblacion en Alvaro Obregon,NEU
Santiago Taboada promete duplicar los programas sociales en la CDMX,NEU
Taboada va por doblar el apoyo a mujeres de CDMX,NEU
"Apoya Taboada a la comunidad LGBTIQ+, pero nada mas de palabra",NEG
"Vamos a ganar, a pesar de ‚Äòmarranerias‚Äô, se√±ala Taboada",NEU
Brugada evidencia montaje de Taboada ‚Äì Diario Basta!,POS
Gutierrez Taboada aparecio como wing y llego al try para Newman,NEU
Arranca campa√±a Margarita Salda√±a acompa√±ada de Santiago Taboada,NEU
¬øOtro frente entre Batres y Taboada?,NEU
Chocan Taboada y Brugada por medidas cautelares del INE,NEU
"Medicinas gratuitas y seguro al nacer, propuestas de Taboada",NEU
saganoticias.com | Taboada se compromete a dar mayor presupuesto para zonas rurales,NEU
Apoyo a Taboada | Siempre!,POS
Santiago Taboada Cortina se compromete a otorgar mas apoyo a las zonas rurales,NEU
"Piden a Taboada alto a la tala, a las invasiones y a la titular de Corenadr",NEU
Critica Salomon Chertorivski a Brugada y Taboada por ‚Äúno estar en la calle‚Äù,NEG
Santiago Taboada se compromete a dar mayor presupuesto a zonas rurales y ejidales de CDMX,NEU
Sin condiciones ni amenazas ofrece Santiago Taboada mayor presupuesto a zonas rurales,NEU
"Sin titulo, Taboada ejercio como abogado en notarias",NEU
"Sin titulo, Taboada ejercio como abogado en notarias",NEU
"A pesar de las amenazas, estamos aqui con Taboada, el Gobierno detiene talamontes y vende la madera: ejidatarios",POS
"Clara Brugada se va contra Taboada: ""Medidas cautelares a AMLO son un montaje""",NEU
"Chertorivski se√±ala que Taboada y Brugada no recorren calles de CdMx: ""les gusta mas ir a mitines""",NEU
¬øPor que el agua huele a gasolina en Benito Juarez? Santiago Taboada respondio a Marti Batres por la alcaldia en CDMX,NEU
Santiago Taboada exige al Gobierno de CDMX resolver quejas por agua con olor a gasolina en Benito Juarez,NEU
Exige Taboada solucion al problema del agua en la alcaldia Benito Juarez,NEU
"Santiago Taboada reprueba la difusion del video del hijo de Xochitl Galvez: ""Cuando estas desesperado y va ...",NEU
"Clara Brugada acusa a Taboada de ""montaje"" sobre medidas cautelares a AMLO",NEU
"¬øCual es el salario del jefe de Gobierno CDMX? Esto podrian ganar Brugada, Taboada o Chertorivski",NEU
Clara Brugada acusa a Santiago Taboada de hacer un montaje,NEU
"Santiago Taboada se reune con familia de Cuauhtemoc Gutierrez, exdirigente priista detenido por trata de personas",NEU
Taboada menciona medidas cautelares contra AMLO,NEU
"Por negarse a atacar a Santiago Taboada, acusan a Sandra Cuevas de remover a encargados de comunicacion de la ...",NEU
Santiago Taboada demuestra su aficion por Pumas,NEU
"Estas fueron las actividades de Chertorivski, Taboada y Brugada el 04 de abril en la CDMX",NEU
Equipo de Brugada desmiente medidas cautelares de Santiago Taboada contra Lopez Obrador,NEU
Taboada tendra otro mirador sobre el Mi√±o en el monte de A Cariza,NEU
Celebra Taboada medidas cautelares del INE contra AMLO,NEU
Elecciones 2024: ¬øEn que cosiste la Cuarta de Taboada en materia de Salud para la CDMX?,NEU
"Santiago Taboada presenta queja contra AMLO ante el INE, por ‚Äúmeter su cuchara‚Äù | El Grafico",NEU
Alianzas sorpresas para su campa√±a anticipa Taboada,NEU
Signan ‚Äúacuerdo‚Äù Claudia y Taboada‚Ä¶,NEU
Se debieron resolver los problemas de Iztapalapa antes de invertir en Utopias: Taboada,NEU
"Esta vez les vamos a ganar, van a perder la ciudad: Santiago Taboada",POS
AQUI EN EL CONGRESO: Van mas sindicatos con Taboada,NEU
Santiago Taboada celebra medidas ‚Äúpara que AMLO se deje de meter‚Äù en la campa√±a,NEU
Anticipa Taboada alianzas ‚Äúsorpresas‚Äù para su campa√±a,NEU
Taboada asegura que no pedira al gobierno de CdMx seguridad durante campa√±a,NEU
Santiago Taboada adelanta nuevas noticias en su campa√±a y pide a AMLO no intervenir,NEU
Santiago Taboada asegura que no ha incrementado sus medidas de seguridad,NEU
Taboada desmiente que la SSC le haya ofrecido proteccion,NEU
Santiago Taboada se compromete a triplicar el presupuesto de seguridad en Iztapalapa desde el gobierno de ...,NEU
Santiago Taboada se compromete a triplicar el presupuesto de seguridad en Iztapalapa desde el gobierno de la CDMX,NEU
Dice Taboada tener nuevas adhesiones desde la 4T,NEU
Taboada habla de medidas cautelares contra AMLO,NEU
Santiago Taboada habla sobre su candidatura para gobernar la CdMx,NEU
Taboada asegura que INE solicito medidas cautelares a AMLO,NEU
Improvisan rap a Santiago Taboada durante su visita a la alcaldia Iztapalapa,NEU
Se debieron resolver los problemas de Iztapalapa antes de invertir en Utopias: Taboada,NEU
Taboada celebra que el INE ordeno a AMLO bajar de redes cuatro ma√±aneras,NEU
Santiago Taboada presenta sus propuestas en materia de Salud para la CDMX,NEU
Consigue medidas cautelares Santiago Taboada sobre declaraciones de AMLO en la ma√±anera,NEU
Taboada asegura que seguridad en Iztapalapa sera su prioridad,NEU
INE acepta denuncia de Taboada contra AMLO,NEU
Santiago Taboada obtiene medidas cautelares para bajar La Ma√±anera de AMLO,NEU
AMLO tiene que dejar de hablar de lo que quiere hacer en la Ciudad: Taboada,NEU
Alumnos de Taboada visitaron Casa de Gobierno,NEU
INE ordena a AMLO no intervenir en elecciones de la CDMX,NEU
Taboada celebra medidas cautelares contra AMLO por intervenir en eleccion de CDMX,NEU
"INE impone medidas cautelares a AMLO por presunta intervencion en eleccion de CDMX, afirma candidato Santiago Taboada",NEU
La agenda de Taboada en Bellocq ‚Äì La Voz del Pueblo,NEU
Taboada celebra que INE ordeno a AMLO bajar una ma√±anera,NEU
Taboada vs. AMLO: INE emite medidas cautelares por dichos del presidente en ma√±anera,NEU
Taboada asegura que el INE le ordeno a AMLO bajar una conferencia por intromision en la eleccion de la CDMX,NEU
saganoticias.com | Santiago Taboada logra medidas cautelares contra AMLO,NEU
Elecciones 2024: ¬øQuien es Santiago Taboada candidato a la jefatura de gobierno de CDMX?,NEU
Advierte Salomon Chertorivski que no sumara a su gobierno a Taboada y Brugada,NEU
"Medico en tu casa, medicinas gratuitas y seguro al nacer: las propuestas de salud de Santiago Taboada",NEU
Celebra Taboada medidas cautelares contra AMLO por referirse a eleccion capitalina en la ma√±anera,NEU
Elecciones 2024: Santiago Taboada obtiene medidas cautelares para bajar la ma√±anera de Andres Manuel Lopez Obrador (AMLO),NEU
Metro CDMX: la propuesta de Santiago Taboada para ampliar la linea 2 hasta el Estadio Azteca,NEU
"Gubernaturas 2024: Taboada reporta el mayor gasto en el primer mes; aspirantes de MC, los que mas destinan a redes",NEU
Exhiben red de Taboada con personajes vinculados al crimen organizado y trata de mujeres,NEG
Encuesta MetricsMx CDMX 2024: Clara Brugada y Santiago Taboada se disputan la jefatura de gobierno con diferencia menor a 6 puntos,NEU
Santiago Taboada revira a Morena,NEU
Sobre insurgentes la altura de Manacar hay una persona que anda arrancando las lonas de Claudia. Lo que tiene Taboada sobre el puente y en luminarias ni lo toca‚Ä¶ ¬øen la Alcald√≠a Benito Ju√°rez? Qu√© raro‚Ä¶ no creo que lo haya mandado Luis Mendoza o el suplente de alcalde de‚Ä¶ https://t.co/cyLb5kzGl2,NEG
"Otra casa de seguridad de @STaboadaMx donde est√°n guardando despensas, camionetas, tinacos y propaganda en Balsas 10 en la Colonia Miravalle. #BenitoJuarez de donde sale tanto recurso material y humano? üí∏üí∏ #CartelinmobiliarioDeIPAN ah√≠ se encontraban elementos de @BlindarBJ https://t.co/ZC6En8grfE",NEG
".@lopezobrador_ no solo traicion√≥ a los padres de los 43 de Ayotzinapa.

De hecho, solo le ha cumplido a sus hijos y al crimen organizado.

Se queja de los capitalinos, pero estos le cobran su traici√≥n a la democracia.

.@STaboadaMx ser√° jefe de Gobierno

https://t.co/WST2FXxnkJ",POS
"En la campa√±a para Alcalde de Benito Ju√°rez 2018 porros de @STaboadaMx iban a provocar a todos mis eventos, incluso llegaron a ir a mi casa. El @iecm nunca procedi√≥. Hoy usan la misma estrategia contra @ClaraBrugadaM No dudo que lo vuelvan a hacer contra las dem√°s candidaturas.",NEG
"Fernando:
DEJEN de enviar a j√≥venes a provocar
A nadie conviene la violencia
Hagan un esfuerzo y jueguen limpio

L@s vecin@s estamos hartos de este modus operandi de Santiago Taboada y Luis Mendoza

En #BenitoJu√°rez acabaremos con la CORRUPCI√ìN y #CartelInmobiliario 

Saludos üëã https://t.co/EW70vB6Xqi",NEG
"@STaboadaMx Aqu√≠ te van las 5 de @STaboadaMx. 

#ElCorruptoQueViene
#RaTaboada https://t.co/u0GkMBhEPp",NEG
"Exhiben como el candidato del PRIAN en CDMX, Santiago Taboada, no pudo llenar en un evento en Torres de Potrero.

El #CartelinmobiliarioDeIPAN no puede sin acarrear migrantes haitianos o m√°s gente con el dinero que se han robado de la corrupci√≥n en Benito Ju√°rez.

La capital de‚Ä¶ https://t.co/nUMNCjptVO",NEG
"Aqu√≠ te van las 5 de @STaboadaMx. 

#ElCorruptoQueViene
#RaTaboada https://t.co/mdf82PK9vY",NEG
@alex_escalante @STaboadaMx Igualito como entreg√≥ la delegaci√≥n al crimen organizado?,NEG
"Veh√≠culo averiado en el Bulevar Gral. Rodolfo S√°nchez Taboada y entronque con Bulevar Cuauht√©moc Sur Poniente üëÄ

#PonteBuzoCaperuzo ü§ø https://t.co/3XHdn43u9d",NEU
¬øQuienes son los enemigos de la democracia? Secuelas del manto de impunidad absoluta que otorg√≥ ‚Å¶@ManceraMiguelMX‚Å© al #CartelInmobiliariodelPAN No son due√±os de Benito Ju√°rez. La Jornada: Brigadistas de Taboada intentaron reventar evento de Morena https://t.co/L6xFllAKhb,NEG
"En estos chats mis√≥ginos, homof√≥bicos y llenos de violencia contra la mujer, participa @STaboadaMx activamente. 
Certifica que a @marioesanchezf, actual Director de Gobernabilidad en @BJAlcaldia, le apodan ""el pompi"". üôÑy que, @LuisMendozaBJ le ayuda a ir al ba√±o a su ""patr√≥n"". https://t.co/02DGViTPNn",NEG
"@AnaJVillagran @AAtaydeR @AccionNacional @STaboadaMx @SandraCuevas_ @AlessandraRdlv üî¥ #LIVE | @AnaJVillagran cuenta que no tiene un puesto ni un futuro asegurado, pero indica que cree en el plan pol√≠tico de @Claudiashein y que quiere ""trabajar con la primera presidenta de #M√©xico""
‚û°Ô∏è https://t.co/AGHStLNaId",NEU
"@Luis_MartinezRz @ElSoberanoMX @IdeasClarasMx Clara Brugada no tiene verg√ºenza, dej√≥ la alcald√≠a sumida en la violencia e inseguridad, mientras que Benito Ju√°rez es la alcald√≠a con mejor percepci√≥n de seguridad gracias a @staboadamx. 

#ElCambioViene",POS
"Estas mudanzas en Isabel la Cat√≥lica y Ni√±os H√©roes NO tienen permiso de @LaSEMOVI. 
Sin embargo, han contado con la protecci√≥n de @STaboadaMx y ahora de @jaime_mata_s, ya que est√°n domiciliados en @BJAlcaldia y votan PAN, por lo cual, han convertido la banqueta en mercado. https://t.co/RioOQmYtV3",NEG
"Hace meses, hace a√±os les dije de los chats de wikipan donde exhibian a @STaboadaMx apostando a su secretaria con sus amigos de la alcald√≠a Benito Ju√°rez",NEG
"@STaboadaMx pero acuerdese que la CDMX no es nomas la condesa, aca en iztapasauria tambi√©n existe gente.",NEG
@E_Esperanza_ @STaboadaMx Gracias por su comentario. Soy de la Benito Ju√°rez y votar√© por el PAN!!!,POS
@STaboadaMx Hipocritas Narcos PANNAZIS hijos de Genaro Garc√≠a Luna,NEG
@STaboadaMx @GobCDMX Santiago nos fallaste! Tus permisos de construcci√≥n nos da√±aron en Insurgentes Mixcoac y no hiciste nada para defendernos,NEG
"Desde el 1er v√≠deo que subieron, vi que Any Palma trat√≥ de pacificar el encuentro forzado que provocaron golpeadores panistas contra los vecinos de BJ, militantes y candidatos de Morena.
Al hacerlo, fue agredida por los porros panistas de @STaboadaMx y @LuisMendozaBJ.",NEG
"@STaboadaMx Desplomados fueron los edificios de reciente construcci√≥n que se CAYERON en la Benito Ju√°rez por el sismo del 2017 eran NUEVOS y constru√≠dos por gobiernos #PANISTAS del #CartelInmobiliario de Taboada. 

https://t.co/iK4bmBeFWV https://t.co/9GRy654Lpq",NEG
"Si de eso vives y comes, @STaboadaMx, de la extorsi√≥n y el cobro de piso, en @BJAlcaldia, vendes el espacio p√∫blico a cambio de votos. 
Farsante, represor, c√≠nico, corrupto, megal√≥mano, mis√≥gino, pat√°n, embustero y cobarde es el candidato fascista #RaTaboada.",NEG
"@VillaDeCortesBJ @STaboadaMx @LuisMendozaBJ Gaby te acuerdas cuando la delegaci√≥n #BJ mandaba a encapsular a quien levantaba la voz en los eventos p√∫blicos?
Hoy ya es tanta gente que brilla que las quieren callar mandando golpeadores.",NEG
@STaboadaMx @GobCDMX Con cuantos se apaga la ira de la gente de la delegaci√≥n benito juarez que fue robada en el sismo 2017 y tambi√©n defraudada con los permisos para construir en medio de una falla s√≠smica?,NEG
"@AnyPalma_ @LuisMendozaBJ @STaboadaMx @ErnestinaGodoyR @CitlaFoto @Claudia_Shein @INEMexico T√∫ muy bien, Any.
Tanto en sitio de la provocaci√≥n como con tu v√≠deo. 
Mi Sororidad contigo siempre, s√© que es enfrentarse a esos golpeadores pagados.",NEG
@bandalidades @STaboadaMx @Col_NHeroes7 Muchas gracias por estos datos. Nos sirven mucho.,POS
@STaboadaMx Nos fallaste en Insurgentes Mixcoac!,NEG
@STaboadaMx Las verdaderas 5 de @STaboadaMx. https://t.co/VBvRNxzDJZ,NEU
@salazar_trejo @copaco_valle_1 @STaboadaMx ¬øYa viste las 5 de Taboada? https://t.co/5ImA1LZacu,NEU
"@RRevisionista @rodanmars @mileniotv @CiroGomezL @STaboadaMx @AAtaydeR @betotok @marianagc @GabyCuevas @vicmeac @LuisMendozaBJ @BJAlcaldia @FiscaliaCDMX @ra_taboada_mx @RicardoBSalinas @lopezobrador_ @AccionNacional Es lo bueno de tener amigas aleccionadas en actividades de ""macho"" en donde tienen que librarse del doble sentido.

Para Danny un cuaresme√±o relleno de semillas.
ü§≠
A ver ese s√≠ le agrada.",POS
"@Angel_VRosas @aguilaro74 @DilantPF @LetyVarela @LuisMendozaBJ @ClaraBrugadaM @JorgeRoHe @oligarza3 @APAbreuu @MarciaMedinaa @EdmundoGD @AJ_CDMX @STaboadaMx @TaboadaVibes @federicodoring @AlcaldiaBenito ¬øAcaso no eres el compa que nos mandaron al COMIT√â DE J√ìVENES MORENA BENITO JU√ÅREZ? 
¬øNo que los desesperados somos nosotrxs? https://t.co/BEMcRaw81E",NEG
"@ingdaniel_ac @FadlalaAkabani @STaboadaMx @iecm @ClaraBrugadaM Eran porros, palero panista.
Porros organizados por el capo @LuisMendozaBJ y el @cddbj, y utilizaron a esas aspiracionistas ""mujercitas"" para preparar su montaje y victimizaci√≥n.
Desde 2018 irrumpen en toda asamblea opuesta al PAN.",NEG
"@PepeOcampo5 @ReneGood @rturrent @FelixSalMac @STaboadaMx A Salgado lo bajaron por no reportar gastos de precampa√±a, si no, ahorita estar√≠a de gobernador de Guerrero",NEU
"@MiguelPenaflor @STaboadaMx @analucia_medina @MeDicenRub @acostanaranjo @JorgeLara1 @FDoringCasar @TaniaLariosMX @cynthialopezc1 @joseeduardomx @Jaime_Mata_S @PAN_CDMX Y CON EL RATERASO DE TABOADA ESTAREMOS PEOR EL ES EL LIDER DEL FRAUDE INMOBILIARIO JAJAJAJAJA
TODOS CON CLARA BRUGADA!!
@ClaraBrugadaM https://t.co/bEtPQquv6e",NEG
"@AgustnE96211770 @STaboadaMx El problema es que privatizarlo, implica aumentar los costos de transporte a los usuarios. Y aunque no lo creas, perjudicar√≠a abruptamente a la clase obrera; eso para nada es bueno.",NEG
"‚Äù¬°Aqu√≠ no va a haber abrazos, aqu√≠ va a haber car√°cter y pantalones!: Santiago Taboada al anunciar la creaci√≥n de un grupo para combatir la extorsi√≥n y al crimen organizado.
https://t.co/obHSgrBxqo https://t.co/FylFBDcgyM",POS
@ClaraBrugadaM Y otra cosa en la Benito Ju√°rez ni te quieren ! Le hubieras pedido unos consejos a Taboada para que los llevaras a cabo en tu alcald√≠a bruja,POS
"‚Äò¬°Aqu√≠ no habr√° abrazos, aqu√≠ va a haber car√°cter y pantalones!‚Äô advierten en recorrido por Iztapalapa. Promete Taboada la creaci√≥n de un cuerpo de seguridad especial para combatir la extorsi√≥n y el crimen organizado. https://t.co/YyZVQyG893 @STaboadaMX @ClaraBrugadaM",POS
@LetyVarela @Seg_NapolesDF Estar con Taboada no es jugar sucio !!!! Es querer lo mejor para Benito Ju√°rez y obviamente no eres t√∫‚Ä¶. Ac√©ptalo,POS
"@rodanmars @RRevisionista @mileniotv @CiroGomezL @STaboadaMx @AAtaydeR @betotok @marianagc @GabyCuevas @vicmeac @LuisMendozaBJ @BJAlcaldia @FiscaliaCDMX Oye apestoso.

Investiga qui√©n otorga estos servicios. https://t.co/gESg0riR8v",NEG
"@rodanmars @RRevisionista @mileniotv @CiroGomezL @STaboadaMx @AAtaydeR @betotok @marianagc @GabyCuevas @vicmeac @LuisMendozaBJ @BJAlcaldia @FiscaliaCDMX @ra_taboada_mx @RicardoBSalinas Danny
Lo que gustes opinar de Ricacardo pero no puede estar 100% equivocado.",NEG
@JCarlos1705 @YosoyPedrero @SinEmbargoMX @STaboadaMx @CamMttz @MajoSoberanis @bethcastilloo Lavan dinero para quedar libres de pecado y purificados en territorio narco üòå,NEG
"@DenaliCarmen84 @STaboadaMx Este si es parte del narco, del cartel inmobiliaria y se sabe ü§£ (verg√ºenza es algo que no conoce)",NEG
"@XochitlGalvez @STaboadaMx Eres una verg√ºenza para el pa√≠s, que andes en campa√±a haci√©ndote la graciosa y firmando pactos con sangre como si de un acto sat√°nico se tratara, el pri y el pan hab√≠an tenido candidatos ratas y narcos, pero t√∫ te llevas los honores, eres totalmente pat√©tica",NEG
"@rodanmars @ContciudaDBJ @mileniotv @CiroGomezL @STaboadaMx @AAtaydeR @betotok @marianagc @GabyCuevas @vicmeac @LuisMendozaBJ @BJAlcaldia @FiscaliaCDMX @ra_taboada_mx @RicardoBSalinas @lopezobrador_ @AccionNacional No soy anti lopez obrador soy anti mit√≥manos anti megal√≥manos y anti chairos 
Y awebo que el #NarcoPresidenteAMLO15 se lo gan√≥ a pulso!",POS
"@RRevisionista @ContciudaDBJ @mileniotv @CiroGomezL @STaboadaMx @AAtaydeR @betotok @marianagc @GabyCuevas @vicmeac @LuisMendozaBJ @BJAlcaldia @FiscaliaCDMX @ra_taboada_mx @RicardoBSalinas @lopezobrador_ @AccionNacional ¬øA caso no te lees a ti mismo, @RRevisionista? Te has convertido en todo aquello que jurabas destruir: un derechango col√©rico e incivilizado anti @lopezobrador_. üêí https://t.co/Z28EuBW0rj",NEG
"@RRevisionista @ContciudaDBJ @mileniotv @CiroGomezL @STaboadaMx @AAtaydeR @betotok @marianagc @GabyCuevas @vicmeac @LuisMendozaBJ @BJAlcaldia @FiscaliaCDMX @ra_taboada_mx @RicardoBSalinas Atacas igual que un derechairo engreido. Creen que por vituperar 24/7 a @lopezobrador_, habr√°n de frenar la instauraci√≥n de su dictadura socialista. ü§¶üèª‚Äç‚ôÇÔ∏èü§¶üèª‚Äç‚ôÇÔ∏èü§¶üèª‚Äç‚ôÇÔ∏è https://t.co/AToRuFVQFh",NEG
"üîµ#Elecciones2024MX: Desde #Iztapalapa Santiago Taboada, candidato a la Jefatura de Gobierno, asegur√≥ que mediante un equipo ""antiextorsi√≥n"" combatir√° este delito y atender√° a los mercados üó≥Ô∏è
DDMBJ
https://t.co/Ui9AyZ2Avo",NEU
"@diaz_manuel @AnaJVillagran @JorgeRoHe @STaboadaMx @AAtaydeR Mientras tuvo esos privilegios no dijo nada, coloc√≥ a su t√≠a y madre como Concejala que es impunidad, ojal√° las bajen de la lista. No le dan el cargo y explota, despepita como Sandra Cuevas pero Ana remasterizada.
Manuel, conoces de Ana la parte de conveniencias, no la ... 2/3",NEG
"@ferbelaunzaran @STaboadaMx @Claudiashein @XochitlGalvez @ferbelaunzaran @STaboadaMx ahi te encargo que investigues si es real esta pl√°tica rescatada de tu picahielo taguanga,como siempre sale a relucir lo üí©s que son los prianistas,otro alito moreno morboso e inmoral https://t.co/izP6scnMkl",NEG
"@MiguelPenaflor @STaboadaMx @analucia_medina @MeDicenRub @acostanaranjo @JorgeLara1 @FDoringCasar @TaniaLariosMX @cynthialopezc1 @joseeduardomx @Jaime_Mata_S @PAN_CDMX Defendiendo delincuentes?? Si es panista, es normal, est√°n acostumbrados a lo corrupto, a la üíÄ y otros cr√≠menes. No van a ganar!",NEG
"La violencia es #Clara, al @PartidoMorenaMx solo le interesa agredir y generar miedo. 
#YaSeVan #ElCambioViene con @STaboadaMx y @LuisMendozaBJ",POS
@Angel_VRosas @VillaDeCortesBJ @oligarza3 @LetyVarela @ClaraBrugadaM @LuisMendozaBJ Solo si demuestras d√≥nde est√°n los golpes que dizque recibieron los enviados de RATAboada,NEG
"‚Äò¬°Aqu√≠ no habr√° abrazos, aqu√≠ va a haber car√°cter y pantalones!‚Äô advierten en recorrido por Iztapalapa. Promete Taboada la creaci√≥n de un cuerpo de seguridad especial para combatir la extorsi√≥n y el crimen organizado. https://t.co/LmAToftrtT",NEU
"@STaboadaMx Usted no hizo nada, ni pudo iluminar la alcald√≠a, solo vea la #Portales y eso que es una colonia peque√±a en la Benito Ju√°rez.

Lo suyo es el #CartelinmobiliarioDeIPAN",NEG
"#Elecciones2024MX | üîµ El candidato a la Jefatura de Gobierno por la coalici√≥n ‚ÄúVa por la CDMX‚Äù, Santiago @STaboadaMx , propuso la creaci√≥n de un grupo de inteligencia especial para combatir la extorsi√≥n y el crimen organizado.

#C21Noticias üì∞
https://t.co/TgG6a6fZyR",NEU
"@MariaLuisaRubio @STaboadaMx @LuisMendozaBJ S√≠, muy buen mensaje lleno de templanza y empat√≠a.
üôèü´Ç

(Yo era as√≠ hasta que conoc√≠ a los panistas). üò¨üòÇ",POS
"‚Äò¬°Aqu√≠ no habr√° abrazos, aqu√≠ va a haber car√°cter y pantalones!‚Äô advierten en recorrido por Iztapalapa. Promete Taboada la creaci√≥n de un cuerpo de seguridad especial para combatir la extorsi√≥n y el crimen organizado. https://t.co/JvOVxTcHBy",NEU
"#EleccionesMX24 #M√©xico üá≤üáΩ

As√≠ recorri√≥ las calles de #Iztapalapa ‚ùå√≥chitl G√°lvez junto a Santiago Taboada y m√°s liderazgos. 
Todo esto a pesar de que personas infiltradas de la Guardia Nacional irrumpieron para acosar a los asistentes.

#MxSinMiedo ü§ûüèªü©∑

‚ù§Ô∏èüíôüíõ https://t.co/dDWnIN09KP",POS
"@ClaraBrugadaM S√≥lo basta comparar el desempe√±o de Santiago Taboada en la Benito Ju√°rez y el tuyo en Iztapalapa, para darse cuenta de que s√≥lo los cretinos votar√≠an por ti.",POS
"@callodehacha Alguien de Tlahuac, Milpa Alta o Iztapalapa tendr√≠a que ser muy pendejo para votar por Taboada pensando que su alcald√≠a se va a convertir en la Colonia del Valle o Polanco.",NEG
"@callodehacha Alguien de Tlahuac, Milpa Alta o Iztapalapa tendr√≠a que ser muy pendejo para votar por Taboada pensando que su alcald√≠a se va a convertir en la Colonia del Valle o Polanco.",NEG
"@ElCharroBorder @AnyPalma_ @LuisMendozaBJ @STaboadaMx @ErnestinaGodoyR @CitlaFoto @Claudia_Shein @INEMexico Any, bloquea de inmediato a estos seres nefastos",NEG
"@BjRevocacion @taboada ü§£ü§£ü§£ü§£
La voz. üòÇüòÇüòÇüòÇ
Expropiado.",NEG
"@edelamadrid @INEGI_INFORMA Tan es as√≠ que Clara decidi√≥ tener su casa en Benito Juarez, alcald√≠a gobernada por #TaboadaJefeDeGobierno, si no me crees busca su publicidad de precampa√±a ella misma lo confiesa... las acciones dicen m√°s que las palabras",POS
"@STaboadaMx Clara...mente, nunca habr√° jam√°s un gobierno corrupto y narco del prian. Ni la cochil ni rataboada ganar√°n.",NEG
"@RRevisionista @ContciudaDBJ @mileniotv @CiroGomezL @STaboadaMx @AAtaydeR @betotok @marianagc @GabyCuevas @vicmeac @LuisMendozaBJ @BJAlcaldia @FiscaliaCDMX @ra_taboada_mx @RicardoBSalinas @lopezobrador_ @AccionNacional √Åndale, que los 'anvorguesos' se den cuenta... üçî https://t.co/SnVBjJ7u3I",NEG
@RRevisionista @ContciudaDBJ @mileniotv @CiroGomezL @STaboadaMx @AAtaydeR @betotok @marianagc @GabyCuevas @vicmeac @LuisMendozaBJ @BJAlcaldia @FiscaliaCDMX @ra_taboada_mx @RicardoBSalinas @lopezobrador_ @AccionNacional Traducci√≥n: ning√∫n chile te embona. ü§∑üèª‚Äç‚ôÇÔ∏è https://t.co/gw417aaZdB,NEU
"@rodanmars @ContciudaDBJ @mileniotv @CiroGomezL @STaboadaMx @AAtaydeR @betotok @marianagc @GabyCuevas @vicmeac @LuisMendozaBJ @BJAlcaldia @FiscaliaCDMX @ra_taboada_mx @RicardoBSalinas @lopezobrador_ @AccionNacional Tu s√≠guete exhibiendo! Para que todos los vecinos hamburguesados (sic.) de la Del Valle se den cuenta y se convenzan que ni de p3d0 morena sirve 
#NarcoPresidenteAMLO15",POS
"@rodanmars @ContciudaDBJ @mileniotv @CiroGomezL @STaboadaMx @AAtaydeR @betotok @marianagc @GabyCuevas @vicmeac @LuisMendozaBJ @BJAlcaldia @FiscaliaCDMX @ra_taboada_mx @RicardoBSalinas @lopezobrador_ @AccionNacional No no est√°s muy √´nf√´rm0 naco!
Quien ataca eres t√∫, quien agrede eres t√∫ 
Menos as√≠ como andan de r√§bi√∂s√§s se la van a p3lar en la BJ
Directo alv che chairo pestilente √≥rale a chsm",NEG
@Mamaguzo @YouTube @STaboadaMx El relevo generacional del crimen organizado de los morenarcos.,NEU
"El nivel de profundidad y an√°lisis de @STaboadaMx nos asombra a todos.
¬°Qu√© Richard Feynman, ni qu√© nada! 
Por poco reconcilia la relatividad general y la mec√°nica cu√°ntica con sus revolucionarias teor√≠as.
üôÑ",NEG
"@YosoyPedrero @SinEmbargoMX @STaboadaMx @CamMttz @MajoSoberanis @bethcastilloo Ese es el cambio que buscan lo PRIANISTAS, Taboada presume Benito Ju√°rez como la mejor alcald√≠a del Pa√≠s, pero cuantos reconocimientos internacionales han tenido sus obras o su gesti√≥n.....? Acaso ha sido nombrado entre los mejores alcaldes del mundo? No verdad? Corrupto y no mas",NEG
"@diaz_manuel @AnaJVillagran @JorgeRoHe @STaboadaMx @AAtaydeR de nivel corriente y agresiva, por eso se ha ganado la antipat√≠a, no se le critica de a gratis, nos cue$ta √©sta clase de pol√≠ticos. 
Su ansiedad y ambici√≥n es una bomba de tiempo y t√∫ eres columnista que en t√∫ apoyo la gente conf√≠a, nosotros vivimos en Cuauht√©moc y conocemos.",NEG
"@YosoyPedrero @SinEmbargoMX @STaboadaMx @CamMttz @MajoSoberanis @bethcastilloo Esos chats se puede fabricar, as√≠ que son puro humo.",NEU
"El candidato a la Jefatura de Gobierno, Santiago Taboada, denunci√≥ que comerciantes de Escuadr√≥n 201, en Iztapalapa, sufren de extorsiones por parte del crimen organizado y hasta de la Alcald√≠a. #Reg√≠strateGratis https://t.co/gmea49cZXj",NEU
"@PatriciaAlfaro @STaboadaMx @LuisMendozaBJ As√≠ es el fascismo-panismo, quieren reprimir toda libertad de expresi√≥n. 
Saludos Concejala.",NEG
"@rodanmars @ContciudaDBJ @mileniotv @CiroGomezL @STaboadaMx @AAtaydeR @betotok @marianagc @GabyCuevas @vicmeac @LuisMendozaBJ @BJAlcaldia @FiscaliaCDMX @ra_taboada_mx @RicardoBSalinas Atacas igual que un chairo furioso jajajajaja 
Ustedes creen que atacando vecinos de la BJ van a conseguir m√°s votos?üòÇüòÇüòÇ https://t.co/1insKGIt2j",NEG
"@RRevisionista @ContciudaDBJ @mileniotv @CiroGomezL @STaboadaMx @AAtaydeR @betotok @marianagc @GabyCuevas @vicmeac @LuisMendozaBJ @BJAlcaldia @FiscaliaCDMX @ra_taboada_mx Al igual que con el #DientesDeBurroUsurero de @RicardoBSalinas, es un servicio a la sociedad que se hace 'probono' con mucho gusto.
#OposicionMasPendejaQueHaExistido 

https://t.co/6fvMkjTtvg",NEG
@ngelMartnezCha1 @STaboadaMx @analucia_medina @MeDicenRub @acostanaranjo @JorgeLara1 @FDoringCasar @TaniaLariosMX @cynthialopezc1 @joseeduardomx @Jaime_Mata_S @PAN_CDMX As√≠ es. üíôü§ó‚ú®,POS
@MiguelPenaflor @STaboadaMx @analucia_medina @MeDicenRub @acostanaranjo @JorgeLara1 @FDoringCasar @TaniaLariosMX @cynthialopezc1 @joseeduardomx @Jaime_Mata_S @PAN_CDMX Dobabes @MiguelPenaflor ¬øeres un gay panista?,NEG
